platform,spend,impressions,clicks,ctr,cpc
Email-рассылка,50786356,102405607,3027752,0.02956627169838464,16.77361818273095
Google Ads,48501767,99263073,2940177,0.02962004813209843,16.496206520899932
ВКонтакте,51748275,102897621,3053688,0.029676954338915183,16.946156581811895
Поиск (organic),49418058,99647374,2946221,0.029566469057177563,16.77337104039378
Яндекс.Директ,52371548,107255250,3203257,0.02986573617608462,16.34946805704319
