traffic_source,revenue,purchases,platform,spend,impressions,clicks,roi,cpc,conversion_rate
Email-рассылка,126814379,5111,Email-рассылка,50786356,102405607,3027752,1.49701669873696,16.77361818273095,0.0016880510689118527
Google Ads,128262666,5064,Google Ads,48501767,99263073,2940177,1.6444947046980782,16.496206520899932,0.001722345287375556
ВКонтакте,130272344,5231,ВКонтакте,51748275,102897621,3053688,1.5174238948061554,16.946156581811895,0.0017130106284597509
Поиск (organic),125603428,4975,Поиск (organic),49418058,99647374,2946221,1.5416504226046277,16.77337104039378,0.001688603808064636
Яндекс.Директ,126472467,5068,Яндекс.Директ,52371548,107255250,3203257,1.4149079381804792,16.34946805704319,0.001582139678458519
